Content,Video title,Video publish time,Duration,Views,Watch time (hours),Subscribers,Estimated revenue (IDR),Impressions,Impressions click-through rate (%)
Total,,,,6250001,"593583,2097",26664,"5432121,734",63475225,"4,3"
1J9qAl7li7k,Story Gus Kautsar | Manyala Gus #santrikyai #shorts,"Nov 1, 2024",28,1356794,"14307,4722",1309,"343152,573",21752,"4,08"
GEsdVq2lTZg,"Story Gus Kautsar ""Gus E, Melaksanakan Dawuh Saking NING"" #santrikyai #shorts","Dec 30, 2024",32,84144,"813,0582",121,"8370,25",7145,"5,82"
sw6gTmsq8Is,Story Gus Kautsar | Takdir Terbaik Gus E #santrikyai #shorts,"Nov 16, 2024",28,50984,"445,3353",85,"22749,058",3367,"5,02"
79clfawBYYw,"Story Gus Kautsar ""Perempuan Ketika Dilamar"" #santrikyai #shorts","Dec 14, 2024",41,36749,"383,8588",37,"6885,54",1133,"3,71"
cgaueCaSWQM,Tak Perlu Gengsi! Inilah Jalan Hidup Tenang Bebas dari Kecemasan Sosial  – Dr. Fahruddin Faiz,"Jul 23, 2025",2711,30847,"7874,3145",284,"594988,512",373350,"6,7"
Gt0ve97Ss0s,"Jangan Bangga Akan Nasabmu, Turunan Siapa - Gus Kautsar #santrikyai #guskautsar","Sep 1, 2024",57,22032,"330,1074",58,"4747,536",1695,"6,43"
81KJ2B1fLis,Story Gus Kautsar - Baca Ini Dijamin Istimu Gak Galak #santrikyai #shorts,"Nov 23, 2024",57,21861,"232,1677",32,"13487,153",3099,"2,84"
VN2WS-MVy6Q,Story Gus Kautsar - Seampas apa kita?? #santrikyai #guskautsar #guskautsarploso,"Aug 12, 2024",57,19599,"230,5581",41,"4294,215",1331,"3,53"
fGld2UihOJA,Story Gus Kautsar - Kamu Terlalu Cantik Bagi saya #santrikyai #shorts,"Nov 7, 2024",61,18145,"260,419",28,"4226,323",1337,"11,14"
xsQDpA_w7cQ,"Story Gus Kautsar ""Ketika Gus E di Bully Kafir"" #santrikyai #shorts","Dec 15, 2024",49,16273,"173,5752",4,"4494,674",1091,"6,6"
Vforxt_zg58,Story Gus Kautsar - Nasehat Sedikit Susah Dan Semakin Cerdas #santrikyai #shorts,"Nov 26, 2024",46,15877,"195,5529",47,"3793,215",2630,"5,32"
cBjkbeLPj2Y,Story Gus Kautsar - Wahai Anakku Denger Ini #santrikyai #shorts,"Nov 27, 2024",47,15476,"189,3905",40,"3791,896",4093,"5,55"
6OSTtzsXQoo,Bahayanya Gus-Gus Yang BODOH #santrikyai #shorts,"Dec 17, 2024",60,15434,"239,003",29,"3864,063",1005,"4,88"
DwMN0mVm39I,Story Gus Iqdam - Kamu Harus Memiliki Jiwa Petarung #santrikyai #shorts,"Dec 7, 2024",53,13754,"163,2703",39,"3461,444",1499,"4,54"
d13aDP7Ldoo,"Gus Kautsar ""Anak Muda Gaya Starbucks"" #santrikyai #shorts","Dec 20, 2024",59,11225,"156,6148",11,"2970,965",631,"5,39"
Ob8bqgcLWKY,"Story Gus Kautsar ""Lucu Boleh Tapi Jangan Mempermalukan"" #santrikyai #shorts","Dec 5, 2024",43,11107,"106,6353",18,"2746,771",4447,"7,65"
M3XOSQW5YR8,Story Gus Kautsar - Mental Kaya Hanya di Miliki Hamba Tuhan #santrikyai #shortvideo,"Nov 30, 2024",54,10270,"137,2125",22,"2553,405",3580,"7,43"
sopr9sjFMPI,"Story Ustadzah Syifa Nurfhadhilah ""GOLONGAN PEREMPUAN Yang Bukan AHLI SURGA"" #santrikyai #shorts","Jan 1, 2025",24,7742,"58,4602",17,"527,991",1128,"2,84"
W7dFP13GS9U,GUS BAHA : CINTA PERTAMA #santrikyai #gusbaha #gusbahaterbaru #quotes #motivasidiri,"May 10, 2024",42,7376,"67,8118",23,"1327,664",648,"4,17"
dryXTXQGPVg,GUS KAUTSAR : GODAAN PEREMPUAN #santrikyai #guskautsar #guskautsarterbaru #quotes,"May 9, 2024",31,7260,"55,0992",21,"1508,153",1080,"4,63"
ciBL95qkY24,Ikhlas Sangatlah Gampang | Gus Baha #santrikyai #gusbaha #gusbahaterbaru #motivasisangkyai,"Jun 9, 2024",40,7191,"88,6181",14,"1640,318",2080,"2,5"
QNomp7XaQEg,4 Kondisi Manusia Selama Masih Hidup - Gus Kautsar #santrikyai #guskautsar,"Sep 3, 2024",43,6909,"64,2288",11,"1496,791",4660,"1,48"
7wKZSvqK4ro,Kelola lah Rasa Kecewamu | Gus Baha #santrikyai #gusbahaterbaru #gusbaha  #motivasihidup,"May 28, 2024",27,6706,"45,7001",15,"1280,365",1028,"1,75"
azRHNdu2zOc,GUS BAHA : KISAH NABI LARI DARI SELINGKUH #santrikyai #gusbaha #gusbahaterbaru  #motivasidiri,"May 7, 2024",60,6477,"97,7705",22,"1278,887",1036,"3,19"
FQHwA9seYlg,Menyala Wakil Rakyat 🔥🔥🔥,"Mar 28, 2025",54,6360,"88,9876",7,"1,289",421,"2,61"
AAUvWDsZOcE,"Story Gus Kautsar ""Netizen Sok Maha Tahu"" #santrikyai #shorts","Dec 21, 2024",56,6170,"64,9894",6,"1611,752",904,"5,86"
4O8kDRUZssc,"Gus Kautsar Terbaru, Khitmah Ilmu #santrikyai #guskautsar #guskautsarterbaru","Jul 9, 2024",59,6046,"81,5508",14,"1383,051",2190,"3,84"
cHtnv5DPjU8,Story Gus Kautsar|Ibadahmu Ndak Menjamin Masuk Surga #santrikyai #shorts,"Oct 22, 2024",61,6034,"49,2142",32,"601,432",993,"1,81"
P2rXpPsV9b0,GUS BAHA : HIDUP INDAH JIKA BERGANTUNG KEPADA ALLAH #santrikyai #gusbaha #gusbahaterbaru,"May 17, 2024",46,6021,"62,8577",26,"1123,441",2387,"2,51"
DpdzCF32O2E,Story Gus Kautsar : Sedekah Untuk Orang Tua Yang Meninggal #santrikyai #guskautsar,"Aug 6, 2024",49,5689,"58,8969",8,"1224,049",764,"2,75"
V0pztNMcfeA,Bahagia Tanpa Bergantung Orang Lain – Dr. Fahruddin Faiz,"Jul 2, 2025",3390,5674,"1733,6373",68,"3784,992",58719,"8,07"
rkPU1T3_gIs,Story Gus Kautsar - Kitab Itu Nyindir Yang Baca dan Mendapatkan #santrikyai #shorts,"Nov 21, 2024",38,5670,"50,6128",16,"1267,78",1586,"5,8"
V85IS8APG58,Story Gus Kautsar | Manset Kita Sebagai Rakyat #santrikyai #shorts,"Nov 17, 2024",43,5666,"58,4223",10,"1355,905",1044,"8,33"
a-kUVMS7Yfo,Story Gus Kautsar - Sebaiknya PEREMPUAN agak JUDES #santrikyai #shorts,"Nov 25, 2024",47,5462,"53,2158",6,"3762,09",1211,"4,71"
agpt_3rZ2o4,Story Gus Kautsar | Orang Tolol Sebenarnya #santrikyai #shorts,"Nov 15, 2024",37,5448,"51,0331",10,"1247,995",1874,"7,26"
qeQ13l1xrZQ,Story Gus Kautsar - Kalau kamu Ingin Berhasil Ikut lah... #santrikyai #shorts,"Nov 5, 2024",30,5351,"38,5398",9,"1240,703",2512,"3,94"
ENdjCvbukOI,HABIB JA'FAR :  SHOLAT LAH #santrikyai #habibjafar,"Mar 31, 2024",51,5306,"40,4995",25,"1095,444",942,"0,74"
K2ea9GbSz-4,Story Gus Kautsar - Istimewa dari Keturunan Yang Istimewa #santrikyai #shorts,"Nov 24, 2024",30,5019,"38,7818",11,"13529,76",1268,"5,13"
9GzXnssbv7Y,GUS KAUTSAR : DOSA YANG MUDAH DI AMPUNI ALLAH #santrikyai #guskautsar  #storywa #santrigusbaha,"Mar 19, 2024",41,5016,"36,5194",14,"1078,926",443,"3,39"
4Z_o6zoaa8Y,Story Ustadz Hanan Ataki - Di Setiap Rasa Sakit Ada Pelajaran #santrikyai #shorts,"Dec 3, 2024",54,4859,"58,859",21,"1335,793",1935,"3,2"
tJyEDGwrSTE,"Story GUS KAUTSAR ""ANAK SIAPAPUN, KALO TOLOL YA TOLOL AJA"" #pengajian #santrikyai #guskautsar","Jan 3, 2025",73,4810,"69,1292",7,"857,404",638,"2,35"
1l6YYSwFmKM,"STORY Gus Kautsar ""Wanita Ketika Ngambekk"" #santrikyai #shorts","Dec 22, 2024",41,4663,"51,8099",5,"1161,662",1922,"7,6"
mg4yG-Nn4gw,Story Gus Kautsar - Bajingseng Yang Di Jamin SURGa #santrikyai #shorts,"Nov 28, 2024",33,4571,"32,7503",6,"1051,641",1059,"2,64"
7PVYVZhjQv8,Ndak Ada Yang Pantas Kita Sombongkan!! - Story Gus Kautsar #santrikyai #guskautsar,"Sep 6, 2024",59,4476,"33,197",9,"1018,595",966,3
_IU-fOn03MM,"Gus Kautsar ""Pinter Jalur Sabunan"" #santrikyai #shorts","Dec 24, 2024",40,4316,"44,0746",4,"1022,16",619,"5,65"
VkWfSPN0yBQ,"Shorts Gus Iqdam ""Kerja Ya Kerja Tapi Jangan Meninggalkan Ngaji"" #santrikyai #shorts","Dec 11, 2024",60,4266,"64,1037",15,"999,929",2146,"6,15"
e2OhWa0MX1k,GUS BAHA : DOA AGAR TIDAK MISKIN LAMA #santrikyai #gusbahaterbaru #gusbaha  #motivasisangkyai,"May 14, 2024",46,4186,"43,7299",9,"831,382",955,"3,35"
YKLNLIU9VRU,Story Gus Kautsar - Orang Terbaik Di Antara Kalian ADALAH Kamu Jomblo #santrikyai #shorts,"Nov 6, 2024",38,4115,"33,0642",9,"930,548",2465,"4,34"
yk-ChwOtK3U,Story Gus Kautsar - Kita Ini Budak Tuhan #santrikyai #guskautsar #guskautsarterbaru,"Aug 21, 2024",60,4042,"44,85",5,"781,713",433,"2,54"
zaDVmWYj6DA,"Gus Kautsar ""Dosa Kita Akan Di Maafkan Allah, Kecuali.."" #santrikyai #shorts","Dec 19, 2024",61,3869,"55,1577",6,"1157,359",445,"8,76"
z3DA2mvexkc,Story Gus Kautsar - Kehebatannya Ulama Nusantara #santrikyai #guskautsar,"Aug 16, 2024",59,3770,"39,3162",6,"788,082",833,"2,88"
7n4bv_RJVTI,"Shorts Mbah Nun ""Sudahlah Kamu Ngeyel Saja di Dua hal ini"" #santrikyai #shorts","May 17, 2025",26,3708,"14,4991",2,"1,883",220,"4,09"
HzGysRk-JIc,GUS KAUTSAR : LANANG TENAN #santrikyai #guskautsar #guskautsarterbaru #guskautsarploso,"Apr 1, 2024",19,3366,"18,5083",4,"635,084",555,"2,16"
0lQOvYAGwoI,Generasi-Generasi Super Tolol | Gus Kautsar #guskautsar  #motivasi #storywaguskautsar,"Dec 31, 2023",18,3245,"16,4095",8,"520,014",1508,"2,72"
5GdFcEX7LvQ,"Ndak Penting Nasabmu Turunan Siapa, Kalau Kamu Sendiri Gak Bisa Apa-apa - Gus Kautsar #santrikyai","Sep 2, 2024",47,3217,"32,287",9,"683,575",1584,"1,33"
0a7RsPwS9s0,GUS BAHA : SISTEM PERADILAN DI INDONESIA #santrikyai #gusbaha #gusbahaterbaru #motivasisangkyai,"May 20, 2024",55,3200,"39,6661",4,"609,186",361,"2,49"
EPYWoMl1-XA,GUS BAHA : BATASILAH PANDANGANMU #santrikyai #gusbaha #gusbahaterbaru,"Mar 28, 2024",34,3133,"23,1418",10,"628,515",941,"2,55"
nWPI6p-rXEA,Garis Tangan Tuhan| Gus Kautsar #guskautsar #guskautsarterbaru,"Jan 10, 2024",57,3133,"27,6171",10,"570,191",483,"3,31"
KDTJKf3Cl_Y,GUS KAUTSAR : PESAN SYEKH HASAN AL-BASHIR UNTUK PARA ORANG TUA #santrikyai #guskautsar,"Apr 2, 2024",42,3067,"16,084",7,"589,166",324,"3,09"
aIegkS26t4Q,USTADZ ADI HIDAYAT : MUHASABAH DIRI #santrikyai #ustadzadihidayat #motivasidiri,"May 11, 2024",35,2934,"22,8208",14,"589,901",383,"1,04"
JnjxaUpL8Y4,Introspeksi Diri | Gus Kautsar #motivation #motivasi #quotes,"Dec 26, 2023",36,2857,"15,8422",6,"45,033",3333,"4,08"
rEKv2thRl7c,GUS KAUTSAR : AKIBAT DARI SUUZON SANGAT BAHAYA #santrikyai #guskautsar #guskautsarterbaru,"Mar 16, 2024",61,2817,"19,6983",3,"676,2",331,"1,81"
ZIrZFiY2LT8,Istri Orang Dan Istrimu Sama Saja | Gus Kautsar #guskautsar  #motivasi #storywaguskautsar,"Jan 3, 2024",61,2794,"20,8575",6,"487,504",256,"2,73"
tE8vMEu6BJc,Kenapa Allah selalu memberi cobaan kepada hambaNya? | Gus Kautsar #guskautsar #storywaguskautsar,"Jan 13, 2024",33,2769,"15,6985",6,"420,814",389,"4,37"
r9YpM-1lUSM,"Gus Kautsar ""Motivasi Penting Pejuang Hafalan"" #santrikyai #shorts","Dec 27, 2024",55,2762,"30,5179",8,"672,794",468,"3,42"
3C7WuCstmp0,"GUS KAUTSAR : KALAU INGIN LIHAT WAJAH SETAN, NGOCO'O #santrikyai #guskautsar  #storywa","Mar 18, 2024",59,2758,"21,258",8,"556,398",595,"1,34"
GsTtHvDby8A,Cinta Dan Kasih Sayang | Gus Kautsar #motivation #motivasi #quotes,"Dec 24, 2023",26,2696,"15,6416",9,"28,199",1646,"3,22"
O5hQfSZKNjc,Gus Baha | Adat Jawa Yang Saya Ndak Cocok #santrikyai #gusbaha #gusbahaterbaru,"Feb 5, 2024",61,2589,"29,3711",6,"452,638",862,"2,44"
YV4JVisOe0Q,Story Gus Kautsar - Ketika Tuhan Lepas Tangan #santrikyai #guskautsar,"Aug 14, 2024",31,2589,"14,7008",1,"530,164",793,"3,66"
pekK4pRDIgI,Ikutilah Orang-Orang Terdahulu | Gus Kautsar #motivation #motivasi #quotes,"Dec 21, 2023",29,2562,"12,8627",9,"15,883",629,"2,54"
PGgBqKIKYCE,Gus Baha | Hati-Hati Jika Ngomong Dengan Pembantumu #santrikyai #gusbaha #gusbahaterbaru,"Feb 4, 2024",39,2562,"21,5441",7,"377,431",544,"4,23"
K2-DWvZukeI,Gus Baha | Awal Dari Selingkuh #santrikyai #gusbaha #guskautsarterbaru,"Jan 30, 2024",53,2501,"24,3106",8,"519,414",841,"6,06"
GfQLAMDsEsk,Gus Baha | Jangan Banggakan Sedekahmu #santrikyai #gusbaha #gusbahaterbaru #gusbahaonline,"Jan 29, 2024",57,2497,"23,8372",10,"399,222",305,"3,61"
8tfi42RBLeA,Gus Baha | Ngopi Demi Ingin Tahajud #santrikyai #guskautsarterbaru #gusbaha,"Jan 28, 2024",58,2490,"19,8691",10,"468,007",361,"6,09"
644Cqzjgd20,Lelaki Sejati | Gus Kautsar #santrikyai #guskautsar #guskautsarterbaru # #motivasihidup,"Jun 3, 2024",21,2481,"11,3494",3,"503,233",1971,"2,74"
bnREMwqag50,"Story MBAH YAI HUDA ""MOMEN GUS KAUTSAR, DI GOJLOK ABAHNYA"" #santrikyai #shorts #mbahyaihuda","Jan 5, 2025",97,2473,"36,1481",3,"322,575",849,"4,12"
XJ8sUKU-dHA,Gus Baha | Pentingnya Qiyamullail #santrikyai #gusbaha #gusbahaterbaru,"Feb 1, 2024",61,2456,"23,3902",9,"423,111",312,"1,6"
fC4EL2lQua4,Gus Baha|Satu Jenis Ibadah Yang Ndak Di lakukan Orang Fasik #santrikyai #guskautsarterbaru #gusbaha,"Jan 26, 2024",59,2431,"19,3436",6,"461,405",435,"2,99"
wAb46hk1DL8,Jangan Overthinking! Cara Ibnu Sina Menyembuhkan Penyakit Pikiran – Dr. Fahruddin Faiz,"Oct 22, 2025",2991,2429,"712,6358",26,"63059,297",28706,"6,66"
1_neAtgiBU4,GUS KAUTSAR : MULYAKAN LAH ISTRIMU #santrikyai #guskautsar #guskautsarterbaru #guskautsarploso,"Apr 3, 2024",61,2418,"22,8429",9,"466,144",219,"0,46"
w4-3lVAzyr0,Hati-Hati Update Status Kesedihan | Gus Kautsar #guskautsar  #motivasi #storywaguskautsar,"Jan 6, 2024",50,2372,"17,9266",10,"383,032",3075,"2,47"
gW37TLPBsHA,Story Gus Kautsar - Sadar Diri Itu PENTING #santrikyai #guskautsar,"Aug 15, 2024",53,2365,"18,417",3,"511,811",547,"3,66"
QZ6BzHnkCYM,Story Gus Kautsar - Sadarilah Tuhan Tidak menakdirkan Kita Bersama #santrikyai #shorts,"Nov 20, 2024",35,2338,"18,2071",4,"521,884",873,"5,84"
rsZs7D4eozs,"STORY GUS KAUTSAR ""SEORANG ISTRI ADALAH CERMINAN SUAMI"" #santrikyai #shorts","Jan 7, 2025",38,2325,"19,7506",2,"17382,542",2432,"6,99"
Q70R3P23Ds4,Mengapa Orang Persia Kuno Lebih Tenang dari Kita? 3 Prinsip yang Terlupakan,"Jan 23, 2026",5245,2256,"1017,4322",6,"53156,374",32217,"5,62"
LgAcObJSzsY,Orang Relijius? Ternyata Begini Ciri Aslinya! - Dr. Fahruddin Faiz,"May 16, 2025",59,2243,"7,3916",1,"4,006",486,"3,91"
CT5omibJKPY,Kalau Sudah Takdir Gk Kemana | Gus Kautsar #guskautsar  #motivasi #storywaguskautsar,"Dec 29, 2023",39,2182,"12,123",7,"367,18",706,"4,25"
fadob9ATjF8,Semuanya Sudah Dituliskan Allah | Gus Kautsar #guskautsar  #motivasi #storywaguskautsar,"Jan 14, 2024",48,2176,"16,3778",6,"319,739",346,"3,76"
uEjqYN1gY8U,Kalau Doa Hati-Hati - Gus Baha #santrikyai #gusbaha,"Aug 27, 2024",26,2170,"18,637",2,"466,324",416,"2,64"
_u8Z8X2T8Mg,"""Popularitas: Jebakan Batin"" Story Gus Baha #santrikyai #shorts","Jan 10, 2025",58,2140,"34,2758",12,"2,993",369,"3,79"
eGXXe_PAZ10,"Story Gus Iqdam ""DISURUH SABAR, TAPI USTADZ E Naik ALPHARD"" #santrikyai #shorts","Jan 2, 2025",54,2131,"25,1338",4,"398,53",1100,"6,82"
WoSskrf-38M,Shorts Gus Kautsar - Bahayanya Di Tingal Masyayikh Kita #santrikyai #guskautsar,"Aug 13, 2024",58,2103,"14,5627",2,"398,953",366,"4,64"
4bWmVuywgzs,Story Gus Iqdam - Amalan Jika Ditolak Calon Mertua #santrikyai #shorts,"Dec 1, 2024",51,2060,"20,877",3,"19018,443",1441,"3,75"
tlz9NtpOVC4,Story Gus Kautsar - Panduan Memilih Pasangan Dari Gus E #santrikyai #shorts,"Nov 29, 2024",47,1997,"18,1825",3,"462,752",940,"4,47"
yVa3Vgqn57Y,Jangan Tidak Nikah - Story Gus Baha #santrikyai #gusbaha,"Aug 30, 2024",14,1991,"11,0989",5,"371,384",389,"2,57"
YczMzjA9lIY,Kenapa Kita Haus Validasi Sosial? Cara Filsafat Mengatasi “Status Anxiety” – Dr. Fahruddin Faiz,"Nov 2, 2025",2687,1957,"468,4018",14,"44634,96",27891,"5,7"
yPRFG6ljNzI,"Musuh Terberat Itu Bukan Orang Lain, Tapi Dirimu Sendiri","Jun 24, 2026",3034,1930,"453,3525",13,"35501,239",44596,"3,33"
V9FEZU-IvX4,Srory Gus Kautsar - Generasi Ampas #santrikyai #guskautsar,"Aug 10, 2024",60,1914,"17,0379",3,"389,684",697,"3,44"
WmUU-bEdVJg,Story Gus Baha - Begini Caranya Jika anda Di Fitnah Orang #santrikyai #shorts,"Nov 4, 2024",61,1905,"19,406",15,"441,317",1230,"1,87"
qfRJC-D9_Ok,"Story Gus Kautsar ""RUNGOKNE IKI, CAH-CAH SENG SENENG E NGOPI"" #santrikyai #short","Jan 4, 2025",45,1803,"21,0215",2,"167205,446",534,"5,99"
WyxvBqa-XBc,Resep RUMAH TANGGA AWET ala GUS BAHA #santrikyai #shorts  #pengajian #ceramahlucu,"Dec 23, 2024",61,1710,"29,4987",7,"403,644",499,"3,21"
cIRCFAydUYo,GUS KAUTSAR : SIFAT SETAN YANG PALING BAHAYA DALAN DIRIMU #santrikyai #guskautsar  #storywa,"Mar 17, 2024",58,1708,"11,4052",4,"334,817",385,"2,34"
5rIcHrVfxvc,"Gus Kautsar Terbaru, Santri Tenan #santrikyai #guskautsar","Jun 30, 2024",24,1707,"10,7308",1,"361,022",1708,"5,8"
BvgBdvXPLxk,Jangan Merasa Bisa | Gus Kautsar #motivation #motivasi #quotes,"Dec 28, 2023",30,1693,"9,492",4,"9,804",885,"2,37"
An8i-hEyZqc,Nasehat Dari Nabi Untuk Umatnya | Gus Baha #santrikyai #gusbaha #gusbahaterbaru  #motivasihidup,"Jun 2, 2024",57,1670,"15,379",7,"368,237",682,"3,81"
f4_sNjK3cAQ,"Gus Kautsar Terbaru, Orang Yang Beruntung dan Rugi #santrikyai #guskautsar","Jul 4, 2024",59,1634,"16,7006",3,"360,427",957,"2,93"
ePlGlzPmntY,Sejatinya Manusia Makhluk Gak Jelas | Gus Baha #santrikyai #gusbaha #gusbahaterbaru #motivasihidup,"Jun 7, 2024",31,1634,"13,3898",7,"349,43",762,"3,54"
qdZNTZzCFww,GUS KAUTSAR : DUA ORANG YANG TIDAK DI AMPUNI TUHAN #santrikyai #guskautsar #guskautsarploso,"Mar 11, 2024",59,1631,"13,7648",5,"303,799",285,"2,46"
qfEOBAo45Ds,"Story GUS KAUTSAR ""Anak Adalah Investasi Kita!"" #santrikyai #shorts","Jan 28, 2025",42,1604,"13,964",3,"2,772",929,"6,03"
qx-GUaLqOw4,Ternyata Kunci Bahagia Itu Ada di Pikiran – Dr. Fahruddin Faiz,"Jun 22, 2025",2909,1583,"432,9812",30,"604,135",25916,"4,81"
-2NJZQcuHqA,Jadilah Orang Yang Menarik | Gus Kautsar #guskautsar  #motivasi #storywaguskautsar,"Dec 30, 2023",39,1565,"9,0532",5,"302,093",501,"2,99"
gacyL8MIN_I,Gus Baha | Hati-Hati Dengan Kyai Partai #santrikyai #gusbaha #gusbahaterbaru,"Feb 9, 2024",56,1554,"14,8787",3,"291,54",2467,"4,95"
4nkDC1P-d_Q,"Story Gus Kautsar "" Tanang, Kalah Rupo Menang Suwargo"" #santrikyai #shorts","Apr 10, 2025",36,1499,"3,8594",2,"1,58",297,"6,06"
orYUpJzdtGc,Pikiran Kita yang Bikin Hidup Rumit – Dr. Fahruddin Faiz,"May 16, 2025",1611,1495,"263,3353",12,"1562,802",19474,"5,41"
v2ZZlW1DPFE,"Story GUS KAUTSAR ""Kesalahan Terbaik"" #shotsvideo #santrikyai #guskautsar","Mar 4, 2025",35,1488,"11,8786",5,"0,219",260,"5,77"
AiaUzryZdcE,Story Gus Kautsar - Hindari PEREMPUAN ini Sebagai PENDAMPING #santrikyai #shorts,"Nov 19, 2024",44,1477,"22,357",4,"323,404",768,"4,43"
k0Oy7aLHuPY,Merangkul Kesendirian: Cara Tenang Hadapi Hidup – Dr. Fahruddin Faiz,"Jun 28, 2025",3348,1442,"409,9292",9,"1100,686",25766,"4,32"
rKCfDfVAXMc,Story Gus Kautsar - Hikmah dapat di ambil dari mana saja #santrikyai #shorts,"Nov 11, 2024",32,1431,"9,1154",4,"315,783",733,"6,55"
RKRH4vrOHCQ,Jangan Kotori Jiwamu dengan Kemarahan - Dr. Fahruddin Faiz,"Jun 8, 2025",66,1430,"11,667",5,"1,952",234,"4,27"
V2lrg25_vOg,"Shorts Gus Kautsar ""Cantik Tidak Penting??"" #santrikyai #shorts","Dec 26, 2024",49,1411,"11,0844",2,"334,32",392,"3,06"
m3LTX0x1Zhg,Tanda Kamu Sedang Dipandu Mursyid Sejati #shorts,"Jul 22, 2025",36,1409,"2,3392",1,"135,584",463,"3,24"
XeN48yPUr1s,Story Gus Kautsar - Geger Nasab Lagi Viral #santrikyai #guskautsar #guskautsarterbaru,"Aug 22, 2024",57,1406,"16,4542",4,"281,807",384,"2,6"
r1iSkoihius,Cara Bijak Menghadapi Orang Jahat - Dr. Fahruddin Faiz,"Jun 3, 2025",135,1404,"19,0885",3,"36,592",2292,"8,07"
N-vcNmUjE-I,"Story Gus Kautsar ""Kata-kata Romantis Rosulullah"" #santrikyai #shorts","Dec 29, 2024",56,1400,"16,0261",1,"250,449",1924,"7,22"
eAX1VUmlqig,Kontrol Lah Keinginanmu - Dr. Fahruddin Faiz,"May 31, 2025",49,1360,"5,8028",1,"7,675",478,"2,3"
oTUZRTCUz-0,Ia Menguasai 41 Bahasa… Lalu Menghilang dari Dunia — Sosrokartono,"Mar 4, 2026",2299,1356,"137,4066",11,"8234,228",13956,"8,79"
B8fNdqlFJ3o,Story Gus Kautsar| INI lah teman sejati #santrikyai #shorts,"Nov 14, 2024",23,1303,"8,6633",5,"293,024",715,"3,64"
7Ob6IacEqaI,"Shorts Gus Kautsar ""Kegagalan Cinta Rosulullah"" #santrikyai #shorts","Dec 8, 2024",76,1296,"13,9361",2,"268,301",709,"6,77"
GdikfsFE_tw,"Yang Sabar, Yang Tenang | Gus Kautsar #guskautsar  #motivasi #storywaguskautsar","Jan 5, 2024",38,1290,"8,2802",2,"169,452",448,"3,57"
Wb_Xml6GyHM,"Tanpa Ini, Hidupmu Kosong dan Hampa #shorts","Jun 23, 2025",143,1273,"11,1358",3,"6,624",855,"9,71"
VTWeSNYzIQo,Sedulur Papat: Saudara Spiritual Sejak Lahir #shorts,"Jun 25, 2025",95,1259,"6,3953",2,"12,134",771,"3,5"
ocAtIEqaNsQ,Mengenal Diri: Awal Segala Kebijaksanaan #shorts,"Nov 8, 2025",40,1251,"5,4766",2,"173,225",267,"4,87"
MaGtAGf74u8,"Story Gus Baha | Rahasia Di Balik, Trik Mengahadapi Istri Marah #santrikyai","Oct 31, 2024",60,1242,"13,9362",8,"277,164",1904,"2,68"
sFNRJ9JimyU,Jiwamu Ingin Bersih? Hindari Ambisi – Dr. Fahruddin Faiz,"Jun 7, 2025",61,1204,"7,9946",5,"5,333",217,"2,3"
Oce55rLBp0o,GUS KAUTSAR : DOSA YANG SULIT DI MAAFKAN TUHAN #santrikyai #guskautsar #guskautsarterbaru,"Mar 22, 2024",50,1169,"9,364",3,"241,099",386,"2,85"
9_QrjTfJBPg,Story Gus Kautsar Terbaru - Jadi Kyai Itu Berat #santrikyai #guskautsar,"Aug 9, 2024",60,1142,"10,1851",3,"225,965",441,"4,08"
FUviQZlZL04,Dengarkan Ini Agar Tidak Salah Guru| Gus Kautsar #santrikyai #guskausar #gusbahaterbaru,"Jun 25, 2024",57,1130,"7,7055",2,"261,987",717,"4,04"
x_aD6Xq2atU,"""Hikmah Berteman Orang Mlete"" Story Gus Baha #santrikyai #shorts","Jan 21, 2025",50,1108,"14,7083",2,"3,151",310,"4,84"
TItzOpfzFWs,Story Gus Kautsar - Tidak ada Kekasih Allah Yang memiliki watak Bahil #santrikyai #shorts,"Nov 9, 2024",25,1106,"9,6607",2,"237,211",967,"8,17"
LA8KSVXrA9g,Memadang Kedepan Dengan Realistis - Gus Sabrang #santrikyai #gussabrang,"Aug 26, 2024",21,1074,"5,0665",1,"204,01",514,"6,23"
Sx8f98DvBZc,Ciri Cinta Posesif (Mengontrol) #shorts,"Jul 3, 2026",59,1068,"4,2383",,,32,"6,25"
4Vpy0S42PYs,Kamu Bisa Berbuat Baik… Tapi Tetap Tidak Bermoral,"Apr 13, 2026",1541,1065,"143,8085",4,"14686,453",25641,"3,31"
rqBkUpo_kuU,GUS BAHA : MEMBATALKAN DOA #santrikyai #motivasi #gusbaha #gusbahaterbaru #motivasisangkyai,"May 19, 2024",45,1051,"7,9532",2,"196,37",371,"4,31"
7exrowWg9pU,Tipu daya dunia,"Aug 21, 2022",61,1041,"16,9764",4,"12,734",11263,"4,25"
L4s_CbohIL4,Jiwamu Ingin Tenang? Jangan Lakukan Ini! - Dr. Fahruddin Faiz,"Jun 6, 2025",64,1034,"8,1943",5,"1,426",434,"3,92"
IXPx6LL6wPc,Salah Pilih vs Terlambat Menikah #shorts,"Jun 30, 2026",47,1023,"3,677",0,"208,879",100,1
Ruhw8B_3Z4U,Bagaimana cara agar kita bisa menikmati hidup? | Gus Kautsar #guskautsar #storywaguskautsar,"Jan 11, 2024",59,1021,"8,0181",2,"169,998",454,"5,07"
ur9jE3aIPC4,Betapa Lemahnya Kita | Gus Kautsar #guskautsar  #motivasi #storywaguskautsar,"Jan 4, 2024",61,1020,"7,1601",2,"179,38",299,1
9u_X0_Uuzak,Jangan Pernah Bangga Dan Share Dosa Yang Kamu Lakukan | Gus Kautsar #santrikyai #guskautsar,"Jan 21, 2024",61,1015,"7,7954",7,"153,54",244,"2,05"
2bWuAfCVs0o,Bahagia & Derita Menurut Kaum Stoik | Dr. Fahruddin Faiz #Shorts,"Jun 18, 2025",90,1002,"7,3722",5,"4,173",482,"3,94"
GV7AagagPlk,Ana Al-Haq Bukan Mengaku Tuhan — Lalu Mengapa Ia Dianggap Berbahaya?,"Feb 1, 2026",4339,997,"347,1978",6,"15082,454",22927,"3,28"
NW5gtZeTHLI,"Story GUS KAUTSAR ""Pondok Bukanlah Lahan Bisnis"" #santrikyai #shorts","Jan 29, 2025",37,990,"9,2971",4,"3,56",645,"5,43"
PNUWxm3VVvI,Seni Tahu Diri: Mengapa Kebaikanmu Bisa Jadi Racun – Fahruddin Faiz,"Jan 2, 2026",3110,989,"228,0555",3,"12672,683",18501,"3,88"
8uuSnIn3BZ4,Musuh Terbesarmu Adalah Pikiranmu Sendiri #shorts,"Jun 22, 2025",164,984,"14,0334",2,"7,909",751,"2,8"
19OQG0U1oTc,Filsafat Cinta: Gibran Mengajarkan Cara Mencintai Tanpa Memiliki | Dr. Fahruddin Faiz,"Jun 7, 2025",3054,964,"229,0178",2,"24352,434",8875,"7,22"
IdWjR8JfZGs,GUS BAHA : APREASIASI MAQOM PARA PEKERJA #santrikyai #gusbahaterbaru #gusbaha #motivasisangkyai,"May 16, 2024",59,958,"10,6485",3,"197,26",410,"2,68"
KQdsLG9H94E,Tugas Utama Manusia Menurut Stoik | Dr. Fahruddin Faiz #Shorts,"Jun 17, 2025",106,955,"8,431",8,"2,253",200,5
Ke1HKCYf--o,Story Gus Kautsar Terbaru - Lamaran Laki-laki #santrikyai #storyguskausar,"Aug 7, 2024",56,949,"7,2873",3,"197,21",498,"2,01"
unwrLg65NY8,Kebijaksanaan Stoik Marcus Aurelius | Dr. Fahruddin Faiz #Shorts,"Jun 12, 2025",101,939,"8,755",3,"12,883",778,"3,6"
OnTJqhWvztY,Makna Sedulur Papat: Rahasia Spiritual dari Dalam Diri #shorts,"Jun 27, 2025",176,855,"12,2178",2,"15,28",1091,"4,49"
JFv5HEyIzxU,USTADZ FAHRUDDIN FAIZ : BOOSTER JIKA ANDA SEDIH  #motivasantrikyai #santrikyai #ngajifilsafat,"Mar 21, 2024",60,853,"6,2904",5,"161,107",421,"3,8"
87KqYUYZap0,Hidupmu Bukan Lagi Milikmu Jika Pikiranmu Mudah Diseret ke Mana-Mana,"Jun 26, 2026",1900,852,"120,0247",12,"8797,075",28568,"2,22"
cUvAzL6gV-A,Ancaman Allah Bagi Orang | Gus Kautsar #guskautsar  #motivasi #storywaguskautsar,"Jan 8, 2024",57,840,"4,4206",1,"122,805",423,"3,07"
poDCtMSr4e0,GUS BAHA : MENJAGA UKUWAH #santrikyai #gusbaha #gusbahaterbaru #motivasihidup,"May 21, 2024",59,833,"7,4289",2,"183,119",304,"2,3"
TihYL2KoYwY,"STORYGus Kautsar ""Panggilan GUS Zaman Sekarang"" #santrikyai #shorts","Dec 13, 2024",63,819,"15,5508",4,"168,866",537,"4,84"
bCHBNe9ZUi8,"Story GUS THUBA ""NASEHAT GUS THUBA UNTUK PENDAKWAH"" #santrikyai #shorts","Jan 8, 2025",90,817,"12,1798",1,"1,475",421,"8,08"
Ycw9C9wYrd8,Hidupmu Mulai Kacau? Perbaiki Sekarang Sebelum Terlambat! – Dr. Fahruddin Faiz,"Oct 3, 2025",2440,793,"178,1041",6,"13970,945",13244,"4,7"
59rxTj7EEsE,Apakah Hidupmu Bagian dari Rencana Besar? Teosofi,"Feb 26, 2026",2268,792,"158,518",1,"12429,681",10212,"5,74"
Hpnt0eyqiFU,Sadar Diri Itu Kunci Hidup #shorts,"Nov 10, 2025",125,774,"10,9072",4,"112,964",436,"7,11"
roc-v_iRZQU,Mengapa Cinta Selalu Bersama Penderitaan? Rahasia Filsafat Hati Manusia – Dr. Fahruddin Faiz,"Nov 23, 2025",3022,770,"201,6284",4,"7887,393",13419,"4,28"
yGYxv33dTUg,Kendalikan Keinginanmu! Resep Hidup Tenang ala Filsafat Stoa – Dr. Fahruddin Faiz,"Jul 28, 2025",2637,715,"169,7174",3,"36251,949",16729,"3,44"
1GhwTsQeAIk,Berhenti Merusak Dirimu #shorts,"Jun 20, 2026",61,707,"2,3207",0,"114,831",55,"5,45"
yf9eisvon2M,"Rasa Cinta Itu Anugerah, Bukan Kelemahan #shorts","Jul 17, 2025",139,682,"6,6565",2,"86,688",628,"3,82"
QQ4NPnTn5bE,Syukur: Kunci Bahagia yang Sering Kita Abaikan - Dr. Fahruddin Faiz,"May 19, 2025",49,671,"2,8843",1,"9,176",637,"3,77"
l8wQ-gj8gx0,Ingin Jiwamu Bersih? Hindari 2 Hal Ini! - Dr. Fahruddin Faiz,"Jun 9, 2025",53,667,"3,7836",1,"3,832",288,"2,78"
WIDKgAI_A7I,Dengarkan Hatimu: Suara Paling Jujur dalam Hidup #shorts,"Jun 27, 2026",43,663,"2,8729",0,"111,401",112,"1,79"
1oGLPYnUtpQ,Yang Membuat Hidup Kita Susah Payah Karena Keinginan Kita #santrikyai #shorts,"Mar 12, 2025",47,641,"6,1483",2,"0,25",271,"2,58"
bq0S-cuTH1E,"Dr. Fahruddin Faiz - ""Pikiran Membentuk Hidupmu"" #santrikyai #short","Mar 29, 2025",29,616,"3,282",2,"1,462",273,"2,2"
thuiM65CgTg,Banyak Orang Pintar… Tapi Mengapa Hidupnya Kacau?,"Apr 6, 2026",1579,615,"92,0927",2,"6720,413",15856,"2,86"
wo2xxgKAedM,"Story Gus Kautsar ""Belajar Bisa Nanti, 10 Malam Ramadhan  Ini untuk Ibadah"" #santrikyai #shorts","Mar 26, 2025",88,612,"6,3697",0,"0,481",186,"1,08"
ptyYQfLPzB4,"Kebaikan Kecil, Dampak Besar — Rahasia “Hukum Sebab-Akibat” dalam Islam","Mar 1, 2026",2579,610,"164,6136",3,"8492,239",11476,"3,77"
5TTXNALjI1w,Stoikisme dan Jiwa Manusia | Dr. Fahruddin Faiz #Shorts,"Jun 19, 2025",89,606,"7,2828",3,"2,965",288,"2,08"
idvMB4pzQ2w,Orang Baik Bisa Jadi Jahat — Inilah Momen Gelapnya – Fahruddin Faiz,"Jan 9, 2026",2341,598,"124,4381",6,"10433,84",14301,"2,99"
VnoJaT7Xzx4,Pentingnya Kuat Finansial Sebelum Menikah #santrikyai #shorts,"Mar 18, 2025",48,595,"3,6434",3,"0,694",218,"4,13"
4LG4w1cNJvg,"Story Gus Kautsar ""Menjaga Mata Yang Jelalatan"" #santrikyai #shorts","Mar 20, 2025",80,566,"7,2828",0,"0,475",200,"3,5"
NmxtAfz_VS8,Stop Drama Hidup! Rahasia Hidup Realistis & Tenang – Dr. Fahruddin Faiz,"Oct 1, 2025",2643,565,"97,9319",4,"8076,898",10965,"4,54"
E4ECKpRJ4bg,GUS BAHA : IKHLAS BIL ILMI #santrikyai #gusbaha #gusbahaterbaru  #motivasihidup #motivasisangkyai,"May 23, 2024",54,529,"4,5665",0,"115,972",318,"3,14"
w48jPTQZrU8,Orang Cerdas Tanpa Moral Lebih Berbahaya,"Apr 20, 2026",1520,521,"70,8449",1,"5811,268",15061,"2,4"
Mk3NQJ0D0-M,Rumus En-6: Cara Hidup Tenang Tanpa Terbebani Pikiran – Fahruddin Faiz,"Jan 5, 2026",2619,514,"111,1533",0,"8670,849",16136,"2,29"
cqDV1K3JWMc,Jangan Siksa Dirimu dengan Pikiran Sendiri! Atasi Insecurity & Overthinking – Dr. Fahruddin Faiz,"Oct 13, 2025",3277,511,"74,3738",3,"9807,978",14512,"2,79"
hx__1BcrOP4,Rahasia Orang-Orang yang Tetap Tenang Meskipun Hidupnya Sulit,"May 11, 2026",3255,495,"134,5771",4,"8904,989",7995,"5,04"
zUFGtUWZgw4,Menikah Tidak Menyembuhkan Sepi #shorts,"Jul 1, 2026",60,460,"0,9439",0,"38,96",84,"4,76"
PEI7aejV6mM,Kamu Musuh Terbesarmu Sendiri — Cara Diogenes Menjadi Tak Terkalahkan,"Feb 13, 2026",1811,457,"76,634",2,"6947,152",12386,"2,72"
ZReV5o-uArM,"Menguak Rahasia Tarekat: Mursyid, Penuntun di Jalan Batin – Dr. Fahruddin Faiz","Jul 7, 2025",4191,446,"139,9202",3,"825,731",5504,"5,98"
vlrlss4R46Y,Guru Sejati Ada di Dalam Dirimu – Renungan Filsafat dari Dr. Fahruddin Faiz,"Jul 21, 2025",3072,415,"123,4541",10,"5976,234",12837,"2,29"
7BLTW5Z-e_o,Kita Terlalu Cepat Menghakimi — Dan Hampir Selalu Salah – Fahruddin Faiz,"Jan 7, 2026",1820,369,"66,9436",2,"6339,643",8955,"3,07"
9Ngg-dqxCeA,Perbarui Hidupmu: Panduan Spiritual untuk Kebahagiaan Sejati – Dr. Fahruddin Faiz,"Sep 8, 2025",6393,355,"184,0779",7,"9113,286",2666,"11,59"
ibi3ERdg5nU,Mahalul Qiyam,"May 18, 2024",32,345,"1,0483",1,"75,081",555,"0,72"
G26aXBGeMXM,Dr. Sutomo: Mengapa Lulusan Terbaik Justru Jadi “Buruh Intelektual”? – Dr. Fahruddin Faiz,"Jun 16, 2026",3021,338,"72,0737",2,"5052,193",17145,"1,46"
ykyh2A-IiHo,"Mengapa Balas Dendam Terasa Manis, Tapi Perlahan Menghancurkan Diri Kita?","Jan 19, 2026",4351,286,"62,1014",2,"6261,244",16217,"1,44"
Tj4i3rvakLY,Mengapa Hidup Terasa Hampa Padahal Kita Tidak Kekurangan,"Jun 18, 2026",1874,281,"40,0127",2,"3452,113",7896,"2,77"
xtEUQ463OlY,Tidak Semua Perbuatan Baik Itu Bermoral,"Apr 29, 2026",1408,253,"32,7793",0,"3443,049",12308,"1,58"
dJoV84fw6ks,Ada 3 Jenis Teman… Salah Satunya Bisa Menghancurkan Hidupmu,"Mar 25, 2026",2502,246,"41,6275",3,"2547,442",18708,"0,94"
F_RIBb0KBGQ,Ilmu Bisa Menyesatkanmu — Jika Niatmu Belum Benar — Nasihat Keras Al-Ghazali,"Mar 23, 2026",2019,244,"37,461",3,"2589,58",11386,"1,59"
LxA_VARK9II,Wajib Tahu! 4 Pilar Niat Sukses Belajar – Hikmah Kitab Ta’lim Muta’allim | Dr. Fahruddin Faiz,"Nov 27, 2025",3101,215,"46,4528",1,"2996,786",6045,"2,66"
lZTNPeDqWSE,Spiritual Blockers : 10 Hal yang Diam-diam Menghancurkan Amalmu,"May 8, 2026",2488,188,"35,135",1,"1941,662",4624,"3,07"
ekPPx3spkW0,Mengapa Bangsa Beradab Bisa Memilih Hitler? Awal Mula Kegelapan Jerman,"Feb 6, 2026",4167,159,"32,4719",0,"1893,685",6236,"2,07"
4l8nsOJgXKM,Kenapa Kita Semakin Kesepian? Filsafat Krisis Teknologi dan Dominasi Digital – Dr. Fahruddin Faiz,"Nov 6, 2025",3433,107,"35,5626",2,"2620,227",1234,"6,89"
6WCdE9-3A7o,Kamu Mengejar Bahagia Setiap Hari… Tapi Kenapa Tidak Pernah Sampai?,"Apr 17, 2026",3623,100,"23,2411",0,"1865,694",2213,"3,12"
B9dvm0MKVaA,"Kalau Hidup Terasa Hampa, Mungkin Kamu Bukan Malas… Tapi Kehilangan Makna","Jul 2, 2026",2882,99,"24,4937",0,"477,524",3041,"2,47"
3ppQ384SfJw,Bohong untuk Menolong… Tetap Salah?,"Apr 27, 2026",1398,93,"9,8523",0,"1369,219",5283,"1,29"
qMHzNwwoEyo,Saat Manusia Mulai Menentukan Siapa yang Layak Hidup,"Apr 24, 2026",2770,78,"13,1078",0,"457,115",6454,"0,84"
kc6HVeIJCW8,Kamu Sudah Punya Segalanya… Tapi Kenapa Tetap Tidak Bahagia?,"Apr 15, 2026",2702,50,"11,2179",0,"426,762",1155,"2,77"
MuOyxO6mmp4,"Terlalu Pintar, Tapi Kenapa Hati Tetap Gelisah?","May 29, 2026",2099,50,"6,0637",1,"245,957",1550,"2,45"
EKU-IS-k9fc,Kenapa Kita Sulit Tenang di Dunia yang Terlalu Ramai,"May 22, 2026",2402,49,"7,3681",0,"249,237",2082,"1,73"
94fay8Oaj2Y,PAUL VIRILIO: Bahaya Tak Terlihat dari Kecepatan! Dromologi & “Kecelakaan Integral” Dibongkar,"Nov 30, 2025",2223,44,"6,7447",0,"417,075",7296,"0,36"
dHGRkEQ_0cU,5 Prinsip Slow Down: Solusi Virilio & Islam Hindari Godaan Kecepatan Setan - Dr. Fahruddin Faiz,"Dec 4, 2025",2009,42,"7,2792",1,"430,424",2359,"1,4"
SG5F_Y3Qph4,Musuh Terbesarmu Bukan Orang Lain—Tapi Suara di Kepalamu Sendiri,"May 4, 2026",3512,41,"6,5211",0,"390,663",1078,"2,97"
hHDYB7C721w,Jangan Tertipu! Yang Tampak Bisa Menipu Hidupmu,"May 24, 2026",2112,30,"2,8598",0,"159,141",835,"2,51"
EKysFRXv4rw,Seni Menyerah: Kamu Tidak Harus Mengendalikan Semuanya,"May 16, 2026",3336,18,"7,1568",0,"338,577",255,"5,49"
Q5lLX89Bsto,PIKNOLEPSI! Kenapa Kita Selalu Cemas & Takut Ketinggalan Informasi? - Dr. Fahruddin Faiz,"Dec 2, 2025",3153,17,"4,0738",0,"147,356",680,"1,91"
Ou2sr04lf24,Mengapa Hidupmu Terasa Berat? Rahasia Isra Miraj bagi Anak Muda,"May 15, 2026",2816,15,"4,6175",0,"104,306",320,"3,75"
wzJXulwmx9Y,Kenapa Hidup Terasa Serbasalah #shorts,"Jun 19, 2026",46,13,"0,0623",0,"1,319",66,"3,03"
y8Xz9-uOWYM,Kamu Ibadah Karena Cinta atau Karena Ingin Balasan?,"Jun 5, 2026",2831,5,"0,0473",0,,266,"1,5"
5THQVqj3dcM,Salah Pilih Pasangan Jauh Lebih Menakutkan Daripada Terlambat Menikah – Dr. Fahruddin Faiz,,2599,1,"0,0369",0,"2,454",0,
XYibJGEeP58,Rahasia Berhenti Merusak Diri Setelah Banyak Salah,,2813,1,"0,1864",0,,2,0